clause,title,pdf_page
1,Scope,12
2,Normative references,12
3,Terms and definitions,12
4,Context of the organization,17
4.1,Understanding the organization and its context,17
4.2,Understanding the needs and expectations of interested parties,17
4.3,Determining the scope of the quality management system,17
4.4,Quality management system,18
4.4.1,QMS processes and interactions,18
4.4.2,Documented information for processes,18
5,Leadership,18
5.1,Leadership and commitment,18
5.1.1,General,18
5.1.2,Customer focus,19
5.2,Quality policy,19
5.2.1,Establishing quality policy,19
5.2.2,Communicating and applying quality policy,19
5.3,Roles responsibilities and authorities,20
6,Planning,20
6.1,Actions to address risks and opportunities,20
6.1.1,Determining risks and opportunities,20
6.1.2,Actions to address risks,20
6.1.3,Actions to address opportunities,21
6.2,Quality objectives and planning to achieve them,21
6.2.1,Quality objectives,21
6.2.2,Planning to achieve quality objectives,21
6.3,Planning of changes,22
7,Support,22
7.1,Resources,22
7.1.1,General,22
7.1.2,People,22
7.1.3,Infrastructure,22
7.1.4,Environment for the operation of processes,23
7.1.5,Monitoring and measuring resources,23
7.1.5.1,General,23
7.1.5.2,Traceability of measurement results,23
7.1.6,Organizational knowledge,24
7.2,Competence,24
7.3,Awareness,24
7.4,Communication,25
7.5,Documented information,25
7.5.1,General,25
7.5.2,Creating and updating documented information,25
7.5.3,Control of documented information,25
7.5.3.1,Control availability and protection,25
7.5.3.2,Control activities external origin and evidence protection,26
8,Operation,26
8.1,Operational planning and control,26
8.2,Requirements for products and services,26
8.2.1,Customer communication,26
8.2.2,Determining requirements for products and services,27
8.2.3,Review of requirements for products and services,27
8.2.3.1,Review before commitment,27
8.2.3.2,Documented evidence of review,27
8.2.4,Changes to requirements for products and services,27
8.3,Design and development of products and services,28
8.3.1,General,28
8.3.2,Design and development planning,28
8.3.3,Design and development inputs,28
8.3.4,Design and development controls,29
8.3.5,Design and development outputs,29
8.3.6,Design and development changes,29
8.4,Control of externally provided processes products and services,30
8.4.1,General,30
8.4.2,Type and extent of control,30
8.4.3,Information for external providers,30
8.5,Production and service provision,31
8.5.1,Control of production and service provision,31
8.5.2,Identification and traceability,31
8.5.3,Property belonging to customers or external providers,32
8.5.4,Preservation,32
8.5.5,Post-delivery activities,32
8.5.6,Control of changes,32
8.6,Release of products and services,33
8.7,Control of nonconforming outputs,33
8.7.1,Control and action for nonconforming outputs,33
8.7.2,Documented evidence of nonconforming outputs,33
9,Performance evaluation,34
9.1,Monitoring measurement analysis and evaluation,34
9.1.1,General,34
9.1.2,Customer satisfaction,34
9.1.3,Analysis and evaluation,34
9.2,Internal audit,35
9.2.1,General,35
9.2.2,Internal audit programme,35
9.3,Management review,35
9.3.1,General,35
9.3.2,Management review inputs,35
9.3.3,Management review results,36
10,Improvement,36
10.1,Continual improvement,36
10.2,Nonconformity and corrective action,36
10.2.1,When nonconformity occurs,36
10.2.2,Documented evidence of nonconformity and corrective action,37
Annex A,Clarification of structure terminology and clauses,38
A.1,General,38
A.2,Structure and terminology,38
A.3,Applicability,39
A.4,Context of the organization,39
A.5,Leadership,40
A.6,Planning,41
A.7,Support,42
A.8,Operation,46
A.9,Performance evaluation,48
A.10,Improvement,49
