clause,section,auditor_requirement_focus,typical_evidence,dialog_mode,risk_sensitivity
4.1,Context,Determine external/internal issues; determine climate change relevance; monitor and review issues,context review; climate relevance decision; strategic direction linkage,context interview; document review,medium
4.2,Context,"Determine relevant interested parties, requirements, and which requirements QMS addresses; monitor/review",interested party register; requirements review; updates,document review; interview,medium
4.3,Context,"Determine QMS scope, products/services, applicability and justification for non-applicability",scope statement; applicability justification,document review,medium
4.4,Context,"Establish, implement, maintain and improve QMS processes and interactions; retain/support documented info",process map; KPIs; resources; responsibilities; process records,process audit; sampling,high
5.1,Leadership,"Leadership commitment, customer focus, quality culture, ethical behaviour, process approach, risk/opportunity thinking",management review; leadership communication; interviews,top management interview,high
5.2,Leadership,"Quality policy established, communicated, available, implemented, understood and applied",quality policy; communication evidence; interview results,document review; interview,medium
5.3,Leadership,"Responsibilities and authorities assigned/communicated, including QMS conformity, performance reporting, process results, customer focus, improvement, change integrity",organization chart; job descriptions; role assignment records,interview; document review,medium
6.1.1,Planning,"Determine risks and opportunities from context/interested parties to assure intended results, reduce undesired effects, improve, enhance desired effects",risk/opportunity register; planning records,document review; interview,high
6.1.2,Planning,"Determine, analyse and evaluate risks; plan actions, integrate into QMS processes, evaluate effectiveness",risk analysis; action plans; effectiveness reviews,process audit; sampling,high
6.1.3,Planning,"Determine, analyse and evaluate opportunities; plan actions, integrate into QMS processes, evaluate effectiveness",opportunity analysis; improvement plans; effectiveness reviews,document review; interview,medium-high
6.2,Planning,"Quality objectives are measurable, monitored, communicated, updated, documented, and planned with resources/responsibilities/time/evaluation",quality objectives; plans; KPI tracking,document review; interview,medium
6.3,Planning,"QMS changes planned with purpose, consequences, QMS integrity, resources/info, responsibilities, communication, monitoring/evaluation, review",change plans; impact assessments; communication; post-change reviews,sampling; interview,high
7.1.1,Support,Determine and provide QMS resources considering internal capabilities/constraints and external needs,resource plan; budget; capacity review,interview; document review,medium
7.1.2,Support,Provide persons necessary for QMS and process operation/control,staffing records; manpower plan,interview,medium
7.1.3,Support,"Determine, provide and maintain infrastructure including hardware/software/ICT as applicable",maintenance records; infrastructure plan; software records,sampling,medium
7.1.4,Support,"Determine, provide and maintain environment for process operation; quality culture/ethical behaviour may influence factors",environment controls; workplace monitoring; culture evidence,observation; interview,medium
7.1.5,Support,"Monitoring/measuring resources suitable, maintained; calibration/verification/traceability when required; action if unfit",calibration records; equipment status; impact assessments,sampling,high
7.1.6,Support,"Determine organizational knowledge; retain, apply and share; update for changing needs/trends",knowledge base; lessons learned; training; handover records,interview; document review,medium-high
7.2,Support,Determine competence; ensure competence; take actions and evaluate effectiveness; retain competence evidence,competence matrix; training records; effectiveness evaluations,sampling; interview,high
7.3,Support,"Ensure awareness of policy, contribution, nonconformity implications, quality objectives, quality culture and ethical behaviour",awareness records; interviews; communications,interview,medium-high
7.4,Support,"Determine QMS communications: what, when, with whom, how, who communicates",communication matrix; meeting minutes,document review; interview,medium
7.5,Support,Control documented information; create/update controls; availability; protection; external-origin controls; prevent unintended alteration of evidence,document control logs; version history; access controls,sampling,high
8.1,Operation,"Plan, implement and control operational processes; define requirements, acceptance criteria, process criteria, controls, resources, change controls and conformity evidence",production plans; work orders; inspections; change records,process audit; sampling,very high
8.2,Operation,"Customer communication, requirements determination/review, changed requirements update/communication",contracts; order review; change communication; complaints channel,sampling,high
8.3,Operation,"Design/development process planning, inputs, controls, outputs, changes and retained evidence",design plan; inputs; review/verification/validation; change records,project sampling,high
8.4,Operation,Externally provided processes/products/services controlled; evaluate/select/monitor/re-evaluate providers; define type/extent; communicate requirements,supplier evaluations; ASL; PO requirements; incoming verification,sampling,high
8.5,Operation,"Controlled production/service provision, identification/traceability, customer/external property, preservation, post-delivery, change control",work instructions; process records; traceability; preservation; change reviews,process audit; sampling,high
8.6,Operation,Release only after planned arrangements completed or authorized; retain acceptance evidence and release authorization traceability,final inspection; release records; authorization; concession approval,sampling; enhanced COV,high-sensitive
8.7,Operation,"Identify/control nonconforming outputs; action based on nature/effect; correction, containment, customer info, concession; retain records",NC output records; containment; concession; re-verification,sampling,high-sensitive
9.1,Performance evaluation,Determine monitoring/measurement methods/timing; evaluate QMS performance/effectiveness; analyse data for multiple uses including risk and opportunity action effectiveness,KPI reports; data analysis; evaluation records,document review; interview,high
9.2,Performance evaluation,"Internal audit programme considering process importance, previous audits, and changes; audit results and correction/CA",audit programme; plans; reports; auditor competence,document review,high
9.3,Performance evaluation,Management review covers QMS suitability/adequacy/effectiveness/alignment and specified inputs/results,management review minutes; actions; decisions,document review; interview,high-sensitive
10.1,Improvement,Continual improvement using analysis/evaluation data and management review; address future needs and reduce undesired effects,improvement plans; performance trends; actions,document review; interview,medium-high
10.2,Improvement,"React to NC, control/correct, deal with consequences, cause analysis, similar/potential NC check, implement action, effectiveness review, update risks/opportunities/QMS where needed, retain evidence",NC reports; RCA; CA plans; effectiveness checks,sampling; enhanced COV,high-sensitive
